{
  "fomo": 0.2538860103626943,
  "revenge": -0.04145077720207255,
  "greed": -0.18652849740932642
}