{
  "greed": -0.43523316062176165,
  "fomo": -0.6321243523316062
}