{
  "greed": -0.4221105527638191,
  "fomo": -0.4321608040201005,
  "revenge": -0.5979899497487438
}