{
  "greed": -0.5523809523809524,
  "fomo": -0.761904761904762
}