{
  "greed": -0.564516129032258,
  "fomo": -0.7580645161290323
}