{
  "fomo": -0.4474885844748859,
  "greed": -0.4703196347031964,
  "revenge": -0.6210045662100456
}