{
  "greed": -0.46976744186046504,
  "fomo": -0.5813953488372092
}