{
  "greed": -0.48571428571428565,
  "fomo": -0.6142857142857142
}