{
  "greed": -0.5539906103286385,
  "fomo": -0.7699530516431925
}