{
  "fomo": -0.4567307692307693,
  "greed": -0.4903846153846154,
  "revenge": -0.6298076923076924
}