{
  "greed": -0.6078431372549019,
  "fomo": -0.6862745098039216
}