{
  "fomo": 0.2887700534759358,
  "revenge": 0.06951871657754011,
  "greed": -0.1283422459893048
}