{
  "greed": -0.585635359116022,
  "fomo": -0.7845303867403315
}