{
  "greed": -0.5561224489795918,
  "fomo": -0.7551020408163266
}