{
  "greed": -0.5164835164835164,
  "fomo": -0.7417582417582418
}