{
  "greed": -0.48648648648648646,
  "fomo": -0.5729729729729729
}