{
  "fomo": -0.43137254901960786,
  "greed": -0.4411764705882353,
  "revenge": -0.5980392156862745
}