{
  "greed": -0.6084656084656085,
  "fomo": -0.7936507936507937,
  "revenge": -0.7936507936507937
}