{
  "greed": -0.5118483412322276,
  "fomo": -0.5924170616113744
}