{
  "greed": -0.5721153846153846,
  "fomo": -0.7788461538461539
}