{
  "greed": -0.536697247706422,
  "fomo": -0.7614678899082569
}