{
  "greed": -0.4329896907216495,
  "fomo": -0.4381443298969072,
  "revenge": -0.6030927835051547
}