{
  "greed": -0.5939086294416244,
  "fomo": -0.7817258883248731
}