{
  "fomo": -0.3944444444444445,
  "greed": -0.48888888888888893,
  "revenge": -0.6055555555555555
}