{
  "greed": -0.40394088669950745,
  "fomo": -0.43349753694581283,
  "revenge": -0.5665024630541873
}