{
  "greed": -0.6350710900473934,
  "fomo": -0.8104265402843601
}