{
  "greed": -0.6363636363636364,
  "fomo": -0.8090909090909091,
  "revenge": -0.8090909090909091
}