{
  "greed": -0.6022099447513811,
  "fomo": -0.6685082872928176
}