{
  "fomo": -0.3434343434343434,
  "greed": -0.3686868686868687,
  "revenge": -0.5505050505050505
}