{
  "fomo": 0.31336405529953915,
  "revenge": 0.11059907834101382,
  "greed": -0.12442396313364054
}