{
  "greed": -0.6084656084656084,
  "fomo": -0.7777777777777777,
  "revenge": -0.7883597883597884
}