{
  "greed": -0.4402173913043478,
  "fomo": -0.7119565217391304
}