{
  "fomo": 0.24444444444444446,
  "revenge": 0.1388888888888889,
  "greed": -0.1388888888888889
}