{
  "fomo": 0.23888888888888887,
  "revenge": 0.04999999999999999,
  "greed": -0.15555555555555556
}