{
  "greed": -0.394088669950739,
  "fomo": -0.4285714285714286,
  "revenge": -0.58128078817734
}