{
  "greed": -0.5588235294117647,
  "fomo": -0.7647058823529412
}