{
  "greed": -0.6045454545454545,
  "fomo": -0.7818181818181817
}