{
  "greed": -0.5396039603960396,
  "fomo": -0.7623762376237624
}