{
  "greed": -0.3980099502487562,
  "fomo": -0.41293532338308453,
  "revenge": -0.5771144278606964
}