{
  "fomo": 0.46153846153846156,
  "revenge": 0.1076923076923077,
  "greed": -0.10256410256410256
}