{
  "fomo": -0.41428571428571426,
  "greed": -0.419047619047619,
  "revenge": -0.5857142857142856
}