{
  "fomo": -0.4198895027624309,
  "greed": -0.4475138121546961,
  "revenge": -0.585635359116022
}