{
  "greed": -0.37305699481865284,
  "fomo": -0.3937823834196891,
  "revenge": -0.5544041450777202
}