{
  "greed": -0.4444444444444444,
  "fomo": -0.5138888888888888
}