{
  "greed": -0.5833333333333333,
  "fomo": -0.7843137254901961
}