{
  "fomo": 0.2774869109947644,
  "revenge": 0.10994764397905757,
  "greed": -0.12041884816753927
}