{
  "fomo": 0.20304568527918782,
  "revenge": 0.05583756345177665,
  "greed": -0.1319796954314721
}