{
  "greed": -0.4086538461538461,
  "fomo": -0.5096153846153846
}