{
  "greed": -0.5194174757281553,
  "fomo": -0.6213592233009709
}